Chr	Stock	AvePosition	Class	Dad	Batch
chrX	cs12.3	4888429	nco	cs	2
chrX	cs12.6	16251896	nco	cs	2
chrX	cs13.12	14517065	nco	cs	2
chrX	cs13.5	5651190	nco	cs	2
chrX	cs13.8	15610971	nco	cs	2
chrX	cs14.4	4310691	nco	cs	2
chrX	cs14.7	20145740	nco	cs	2
chrX	w11.5	5451531	nco	w	2
chrX	w11.8	19057587	nco	w	2
chrX	w12.5	3096920	nco	w	2
chrX	w15.3	14501165	nco	w	2
chrX	w15.4	16204517	nco	w	2
chrX	cs14.6	14165222	nco	cs	2
chrX	w12.13	20367729	nco	w	2
chr2L	cs14.13	839961	nco	cs	2
chr2L	w13.10	3086694	nco	w	2
chr2L	w13.12	3188771	nco	w	2
chr2L	cs14.5	3430781	nco	cs	2
chr2L	w12.5	4736819	nco	w	2
chr2L	cs14.8	5022709	nco	cs	2
chr2L	w11.7	6756162	nco	w	2
chr2L	w12.12	7273832	nco	w	2
chr2L	cs13.1	9224865	nco	cs	2
chr2L	cs14.12	9486681	nco	cs	2
chr2L	cs13.1	10127205	nco	cs	2
chr2L	w15.6	10236092	nco	w	2
chr2L	cs12.11	10270642	nco	cs	2
chr2L	w11.6	10431024	nco	w	2
chr2L	cs12.13	10584506	nco	cs	2
chr2L	cs13.11	10655643	nco	cs	2
chr2L	w15.11	10702978	nco	w	2
chr2L	w11.5	11233770	nco	w	2
chr2L	cs13.10	11707055	nco	cs	2
chr2L	w12.6	11750254	nco	w	2
chr2L	cs12.12	11822415	nco	cs	2
chr2L	w12.10	12629880	nco	w	2
chr2L	cs14.4	14085654	nco	cs	2
chr2L	w11.1	15294195	nco	w	2
chr2L	cs12.17	15758615	nco	cs	2
chr2L	cs14.9	16185199	nco	cs	2
chr2L	w12.7	17512006	nco	w	2
chr2L	cs12.8	17582367	nco	cs	2
chr2L	w13.11	20333973	nco	w	2
chr2L	cs14.1	20429142	nco	cs	2
chr2L	w12.1	20653815	nco	w	2
chr2L	w13.8	20899609	nco	w	2
chr2L	w11.11	22137348	nco	w	2
chr2R	w15.13	4684987	nco	w	2
chr2R	cs13.2	5210712	nco	cs	2
chr2R	w12.3	5771037	nco	w	2
chr2R	cs12.9	6529424	nco	cs	2
chr2R	w15.5	7026175	nco	w	2
chr2R	cs14.7	7190103	nco	cs	2
chr2R	w11.8	7206158	nco	w	2
chr2R	cs13.6	7399613	nco	cs	2
chr2R	w11.4	7437183	nco	w	2
chr2R	w11.1	7514996	nco	w	2
chr2R	cs13.16	9632460	nco	cs	2
chr2R	w11.12	9781406	nco	w	2
chr2R	cs13.18	10357568	nco	cs	2
chr2R	cs14.13	10967241	nco	cs	2
chr2R	cs12.10	11059492	nco	cs	2
chr2R	w15.4	11243459	nco	w	2
chr2R	cs14.8	11621082	nco	cs	2
chr2R	cs14.11	11861472	nco	cs	2
chr2R	w13.11	12006805	nco	w	2
chr2R	w13.4	12400304	nco	w	2
chr2R	cs13.4	12612914	nco	cs	2
chr2R	cs12.16	12698166	nco	cs	2
chr2R	cs12.16	12698579	nco	cs	2
chr2R	cs14.4	13622981	nco	cs	2
chr2R	cs13.1	14011634	nco	cs	2
chr2R	w15.2	14707395	nco	w	2
chr2R	w15.2	14707896	nco	w	2
chr2R	w11.13	14733203	nco	w	2
chr2R	cs14.7	15288899	nco	cs	2
chr2R	w15.4	15963859	nco	w	2
chr2R	w13.1	16209693	nco	w	2
chr2R	w12.10	16392473	nco	w	2
chr2R	w15.6	17162534	nco	w	2
chr2R	cs14.7	17864833	nco	cs	2
chr2R	w15.2	18118188	nco	w	2
chr2R	cs14.3	18144281	nco	cs	2
chr2R	cs14.4	18144281	nco	cs	2
chr2R	w15.9	18590358	nco	w	2
chr2R	w12.1	19508444	nco	w	2
chr2R	w13.13	23368965	nco	w	2
chr2R	cs13.16	23610591	nco	cs	2
chr2R	w15.4	23633741	nco	w	2
chr2R	w13.7	24410814	nco	w	2
chr2R	cs12.5	24471894	nco	cs	2
chr3L	cs13.3	294900	nco	cs	2
chr3L	cs13.13	969633	nco	cs	2
chr3L	w13.5	999911	nco	w	2
chr3L	cs13.6	1239789	nco	cs	2
chr3L	w11.12	1444061	nco	w	2
chr3L	w12.6	1969420	nco	w	2
chr3L	cs14.7	3001927	nco	cs	2
chr3L	w13.4	3494084	nco	w	2
chr3L	cs14.6	3538770	nco	cs	2
chr3L	cs12.18	4099916	nco	cs	2
chr3L	cs12.8	5355043	nco	cs	2
chr3L	w15.5	5443014	nco	w	2
chr3L	cs13.5	5526885	nco	cs	2
chr3L	w12.9	6092996	nco	w	2
chr3L	w11.5	6240157	nco	w	2
chr3L	cs12.17	6803612	nco	cs	2
chr3L	cs14.7	7255932	nco	cs	2
chr3L	w11.12	8711680	nco	w	2
chr3L	w15.1	8756977	nco	w	2
chr3L	cs12.15	8925745	nco	cs	2
chr3L	w12.7	11442016	nco	w	2
chr3L	cs12.18	12782618	nco	cs	2
chr3L	cs13.13	15555913	nco	cs	2
chr3L	w11.11	15903646	nco	w	2
chr3L	w11.3	16201509	nco	w	2
chr3L	cs13.8	16430644	nco	cs	2
chr3L	cs14.7	18341251	nco	cs	2
chr3L	cs14.6	18524193	nco	cs	2
chr3L	w15.2	18862628	nco	w	2
chr3L	cs13.9	19075155	nco	cs	2
chr3L	cs12.9	19380416	nco	cs	2
chr3L	w15.4	20211030	nco	w	2
chr3L	cs13.11	20425593	nco	cs	2
chr3L	cs12.11	20794022	nco	cs	2
chr3L	cs13.2	22273581	nco	cs	2
chr3L	w11.12	22420482	nco	w	2
chr3L	w15.2	22513059	nco	w	2
chr3R	w12.7	4724841	nco	w	2
chr3R	w15.1	4840993	nco	w	2
chr3R	cs12.15	5332700	nco	cs	2
chr3R	w13.1	5389919	nco	w	2
chr3R	cs14.12	6668552	nco	cs	2
chr3R	w12.13	7743666	nco	w	2
chr3R	cs13.14	8622349	nco	cs	2
chr3R	cs12.18	9078959	nco	cs	2
chr3R	w12.2	9483785	nco	w	2
chr3R	cs12.2	12851161	nco	cs	2
chr3R	cs12.8	13925731	nco	cs	2
chr3R	w13.9	14380795	nco	w	2
chr3R	cs13.8	14929841	nco	cs	2
chr3R	w12.5	15862272	nco	w	2
chr3R	w11.1	17008209	nco	w	2
chr3R	w13.11	17248218	nco	w	2
chr3R	cs13.13	17327435	nco	cs	2
chr3R	w13.6	17602820	nco	w	2
chr3R	w13.8	18280608	nco	w	2
chr3R	cs12.10	18334647	nco	cs	2
chr3R	w11.4	19120893	nco	w	2
chr3R	w12.10	20239338	nco	w	2
chr3R	w13.7	22097850	nco	w	2
chr3R	cs13.3	22357446	nco	cs	2
chr3R	w13.10	22469006	nco	w	2
chr3R	cs13.10	28041212	nco	cs	2
chr3R	w15.13	28166580	nco	w	2
chr3R	w13.12	28437825	nco	w	2
chr3R	cs13.16	28603011	nco	cs	2
chr3R	w13.10	29336488	nco	w	2
chr3R	w13.2	29502588	nco	w	2
chr3R	cs13.11	30071512	nco	cs	2
chr3R	w11.4	30311503	nco	w	2
chr3R	cs12.10	30724897	nco	cs	2
chr3R	w15.13	30862065	nco	w	2
chr3R	cs1.2	26230057	nco	cs	1
chr3R	cs1.2	25798102	nco	cs	1
chr3L	cs1.3	19063446	nco	cs	1
chrX	cs1.4	20056657	nco	cs	1
chr2L	cs1.4	2700853	nco	cs	1
chr3R	cs1.5	6812502	nco	cs	1
chr3L	cs1.7	3792566	nco	cs	1
chr2R	cs1.7	20481674	nco	cs	1
chr2L	cs1.7	7523023	nco	cs	1
chr2L	cs1.7	2439537	nco	cs	1
chr3R	cs1.8	23704386	nco	cs	1
chr3R	cs1.8	20574419	nco	cs	1
chr3L	cs1.8	16547450	nco	cs	1
chr2L	cs2.1	17365444	nco	cs	1
chr3L	cs2.1	5577801	nco	cs	1
chr3R	cs2.1	23356164	nco	cs	1
chr3L	cs2.2	1462963	nco	cs	1
chr2L	cs2.2	882119	nco	cs	1
chr2L	cs2.3	19999892	nco	cs	1
chr3L	cs2.4	22431280	nco	cs	1
chr3R	cs2.4	5502974	nco	cs	1
chr2R	cs2.5	24869426	nco	cs	1
chrX	cs2.5	10187416	nco	cs	1
chr3L	cs2.5	20710387	nco	cs	1
chr2L	cs2.6	1373944	nco	cs	1
chr3R	cs2.8	21796093	nco	cs	1
chr2L	cs2.8	4055238	nco	cs	1
chr3R	cs2.8	6174387	nco	cs	1
chrX	cs5.1	5125892	nco	cs	1
chr2L	cs5.2	10144840	nco	cs	1
chr2R	cs5.3	10990946	nco	cs	1
chr2L	cs5.3	17228827	nco	cs	1
chr2L	cs5.3	10372348	nco	cs	1
chrX	cs5.4	6715900	nco	cs	1
chr2R	cs5.5	8580284	nco	cs	1
chr2L	cs5.8	1719535	nco	cs	1
chr3R	cs5.8	9593121	nco	cs	1
chrX	cs6.1	19107877	nco	cs	1
chrX	cs6.4	6839235	nco	cs	1
chr2L	cs6.4	8990634	nco	cs	1
chr3R	cs6.5	9277340	nco	cs	1
chr3L	cs6.5	16827128	nco	cs	1
chrX	cs6.6	14675564	nco	cs	1
chrX	cs6.6	19363230	nco	cs	1
chr2L	cs6.8	1024578	nco	cs	1
chr2L	cs6.8	11210005	nco	cs	1
chr3R	cs7.1	9259868	nco	cs	1
chr3L	cs7.2	18995140	nco	cs	1
chr2R	cs7.2	19143154	nco	cs	1
chr3R	cs7.2	19607758	nco	cs	1
chr3R	cs7.2	20817195	nco	cs	1
chr2R	cs7.3	11695603	nco	cs	1
chr2R	cs7.4	11460524	nco	cs	1
chrX	cs7.4	16102902	nco	cs	1
chr3R	cs7.5	27935796	nco	cs	1
chr3R	cs7.6	7570596	nco	cs	1
chr2R	cs7.6	18057969	nco	cs	1
chrX	cs7.7	6731006	nco	cs	1
chr3L	cs7.7	16070941	nco	cs	1
chr2R	cs8.1	15538023	nco	cs	1
chr3L	cs8.4	7008622	nco	cs	1
chrX	cs8.5	14320390	nco	cs	1
chrX	cs8.6	6477310	nco	cs	1
chr2R	cs8.6	19287301	nco	cs	1
chr3R	cs8.6	20222917	nco	cs	1
chr2L	cs8.6	2675863	nco	cs	1
chr3R	cs8.8	30298094	nco	cs	1
chrX	w3.1	5189771	nco	w	1
chr3L	w3.1	1482809	nco	w	1
chr2R	w3.11	11173817	nco	w	1
chr2L	w3.11	13830237	nco	w	1
chr2L	w3.12	10554699	nco	w	1
chrX	w3.13	13105743	nco	w	1
chr3L	w3.14	19284477	nco	w	1
chr3R	w3.15	11576476	nco	w	1
chr3R	w3.15	18460401	nco	w	1
chr2L	w3.15	7842960	nco	w	1
chr2L	w3.15	9874413	nco	w	1
chr3R	w3.16	17111555	nco	w	1
chr3L	w3.17	11902465	nco	w	1
chr3R	w3.18	19372993	nco	w	1
chr2L	w3.24	4197181	nco	w	1
chr3L	w3.24	9323191	nco	w	1
chr3R	w3.24	28297530	nco	w	1
chr3L	w3.25	21391841	nco	w	1
chr3L	w3.25	11627794	nco	w	1
chrX	w3.26	3905731	nco	w	1
chr2L	w3.4	1042161	nco	w	1
chr2L	w3.4	10346663	nco	w	1
chr3R	w3.6	22015009	nco	w	1
chr3L	w3.9	14358747	nco	w	1
chr3L	w3.9	11050247	nco	w	1
chr2R	w4.1	6515654	nco	w	1
chr2L	w4.1	2431759	nco	w	1
chr2L	w4.11	16796942	nco	w	1
chr3L	w4.12	3329902	nco	w	1
chr3L	w4.15	20576675	nco	w	1
chr2L	w4.16	5753645	nco	w	1
chr3R	w4.17	6146042	nco	w	1
chr2R	w4.2	23358042	nco	w	1
chr2R	w4.2	16055371	nco	w	1
chr3L	w4.2	10800884	nco	w	1
chr2R	w4.2	23359212	nco	w	1
chr2L	w4.3	11027337	nco	w	1
chr2L	w4.3	19557091	nco	w	1
chr3R	w4.5	28559187	nco	w	1
chrX	w4.8	4641532	nco	w	1
chr3L	w4.9	1673692	nco	w	1
chrX	w4.9	12839027	nco	w	1
chr3R	w4.9	13929259	nco	w	1
chr3R	w5.1	11291115	nco	w	1
chr3R	w5.11	8811019	nco	w	1
chrX	w5.11	16417370	nco	w	1
chr2R	w5.11	16336740	nco	w	1
chr2L	w5.11	19713879	nco	w	1
chr2R	w5.11	17878730	nco	w	1
chr2L	w5.12	4225020	nco	w	1
chr2R	w5.13	16229135	nco	w	1
chr2L	w5.14	1664079	nco	w	1
chr3L	w5.14	10266962	nco	w	1
chr3L	w5.17	3834843	nco	w	1
chrX	w5.2	11259627	nco	w	1
chr3L	w5.3	22289214	nco	w	1
chr2L	w5.3	20522740	nco	w	1
chr3L	w5.3	5526542	nco	w	1
chr2R	w5.4	10766694	nco	w	1
chr2L	w5.4	10527257	nco	w	1
chr3R	w5.5	5952903	nco	w	1
chrX	w5.9	8944529	nco	w	1
chr3R	w5.9	25153736	nco	w	1
chr2L	w5.9	19275720	nco	w	1
chr3R	cs12.1	22674103	sco	cs	2
chr3L	cs12.10	1087294	sco	cs	2
chr2L	cs12.10	2733213	sco	cs	2
chr3L	cs12.11	8318974	sco	cs	2
chr2L	cs12.11	10935533	sco	cs	2
chrX	cs12.11	15756124	sco	cs	2
chr3R	cs12.11	25488903	sco	cs	2
chr3L	cs12.12	6833858	sco	cs	2
chr2L	cs12.12	15131557	sco	cs	2
chr3R	cs12.12	23877868	sco	cs	2
chr3L	cs12.13	4413946	sco	cs	2
chr3R	cs12.13	20333398	sco	cs	2
chr3L	cs12.14	1689275	dco	cs	2
chr2L	cs12.14	3830541	dco	cs	2
chr2L	cs12.14	15120260	dco	cs	2
chr3L	cs12.14	16832774	dco	cs	2
chr2R	cs12.14	19317952	sco	cs	2
chr3R	cs12.15	22873768	sco	cs	2
chr2R	cs12.15	23611656	sco	cs	2
chr2L	cs12.16	4858762	sco	cs	2
chrX	cs12.16	9093280	sco	cs	2
chr3R	cs12.16	17699911	dco	cs	2
chr3R	cs12.16	30823033	dco	cs	2
chr2R	cs12.17	19110462	sco	cs	2
chr3R	cs12.17	22617472	sco	cs	2
chr2R	cs12.2	8462816	sco	cs	2
chr2L	cs12.2	9415301	dco	cs	2
chr2L	cs12.2	19966247	dco	cs	2
chr3L	cs12.3	7244376	dco	cs	2
chr2L	cs12.3	10557160	sco	cs	2
chr3L	cs12.3	19616898	dco	cs	2
chr3R	cs12.3	31326743	sco	cs	2
chr3L	cs12.4	439076	dco	cs	2
chr3L	cs12.4	11760094	dco	cs	2
chr2L	cs12.4	16183138	sco	cs	2
chr3R	cs12.4	22074544	sco	cs	2
chr2R	cs12.5	22192831	sco	cs	2
chr2L	cs12.6	2713182	sco	cs	2
chrX	cs12.6	21011264	sco	cs	2
chr2R	cs12.7	14619934	sco	cs	2
chrX	cs12.7	15955897	sco	cs	2
chr2L	cs12.8	2160682	sco	cs	2
chr3L	cs12.8	12259859	sco	cs	2
chrX	cs12.8	14197190	sco	cs	2
chr3R	cs12.8	18486786	dco	cs	2
chr3R	cs12.8	29393878	dco	cs	2
chr3L	cs12.9	4123626	sco	cs	2
chr2L	cs12.9	5751328	sco	cs	2
chr2R	cs12.9	14314934	sco	cs	2
chr2R	cs13.1	10844021	sco	cs	2
chrX	cs13.1	15783027	sco	cs	2
chr3L	cs13.10	423424	sco	cs	2
chr2L	cs13.10	3103262	sco	cs	2
chr3R	cs13.10	16303053	sco	cs	2
chr2R	cs13.10	21540459	sco	cs	2
chr3R	cs13.11	21655983	sco	cs	2
chr2L	cs13.12	13615278	sco	cs	2
chr2R	cs13.12	22450034	sco	cs	2
chr2R	cs13.13	9468089	sco	cs	2
chrX	cs13.13	16365479	sco	cs	2
chr3R	cs13.13	23444475	sco	cs	2
chr3R	cs13.14	14427242	sco	cs	2
chrX	cs13.14	17137383	sco	cs	2
chr2R	cs13.14	23634419	sco	cs	2
chr3L	cs13.15	1066802	sco	cs	2
chr2L	cs13.15	2755677	sco	cs	2
chr2R	cs13.15	14969442	sco	cs	2
chr3R	cs13.15	28106960	sco	cs	2
chr3L	cs13.16	11261194	sco	cs	2
chr2R	cs13.17	9082882	dco	cs	2
chr2L	cs13.17	10278522	sco	cs	2
chrX	cs13.17	18393396	sco	cs	2
chr3L	cs13.17	18526281	sco	cs	2
chr3R	cs13.17	20316252	sco	cs	2
chr2R	cs13.17	22600396	dco	cs	2
chr2R	cs13.18	15773142	sco	cs	2
chrX	cs13.2	9295299	sco	cs	2
chr3L	cs13.2	19186138	sco	cs	2
chr3L	cs13.3	8376228	sco	cs	2
chr2L	cs13.3	13714103	sco	cs	2
chr3R	cs13.3	23867473	sco	cs	2
chr2R	cs13.3	24070018	sco	cs	2
chr3L	cs13.4	1355429	sco	cs	2
chr2R	cs13.5	9696993	sco	cs	2
chr3R	cs13.5	14337720	sco	cs	2
chrX	cs13.5	16902071	sco	cs	2
chr3L	cs13.5	18353266	sco	cs	2
chrX	cs13.6	15309927	sco	cs	2
chr3R	cs13.6	17699911	sco	cs	2
chr2L	cs13.7	11412603	sco	cs	2
chrX	cs13.7	19267659	sco	cs	2
chrX	cs13.8	7022516	sco	cs	2
chr3L	cs13.9	4417343	sco	cs	2
chr2L	cs13.9	8160195	sco	cs	2
chr2R	cs13.9	11443911	sco	cs	2
chr3R	cs13.9	17031505	sco	cs	2
chr3L	cs14.1	2283509	sco	cs	2
chr2L	cs14.1	13626731	sco	cs	2
chrX	cs14.10	9257318	sco	cs	2
chr3L	cs14.10	9670808	sco	cs	2
chr2R	cs14.10	12439739	dco	cs	2
chr2R	cs14.10	21195647	dco	cs	2
chr3R	cs14.10	24960174	sco	cs	2
chrX	cs14.11	5145639	sco	cs	2
chr3L	cs14.11	11640018	sco	cs	2
chr3R	cs14.11	15521188	sco	cs	2
chr2R	cs14.11	20963764	sco	cs	2
chrX	cs14.12	9426321	sco	cs	2
chr3R	cs14.12	27135180	sco	cs	2
chrX	cs14.13	11053178	sco	cs	2
chr3R	cs14.13	14631574	sco	cs	2
chr3L	cs14.13	18267978	sco	cs	2
chr2R	cs14.13	19524933	sco	cs	2
chr3L	cs14.2	11136177	sco	cs	2
chr3R	cs14.2	12475387	sco	cs	2
chr2L	cs14.3	3218450	dco	cs	2
chr3R	cs14.3	15452866	sco	cs	2
chr2L	cs14.3	18652650	dco	cs	2
chr3L	cs14.3	22901811	sco	cs	2
chrX	cs14.4	10872664	sco	cs	2
chr2R	cs14.4	18054968	sco	cs	2
chr2L	cs14.5	5645591	dco	cs	2
chr3R	cs14.5	6470571	tco	cs	2
chr3L	cs14.5	7791904	sco	cs	2
chrX	cs14.5	8238355	sco	cs	2
chr2R	cs14.5	10850839	sco	cs	2
chr3R	cs14.5	18989921	tco	cs	2
chr2L	cs14.5	21057885	dco	cs	2
chr3R	cs14.5	27338761	tco	cs	2
chr3L	cs14.7	10595558	sco	cs	2
chrX	cs14.7	16113949	sco	cs	2
chr3R	cs14.7	24444786	sco	cs	2
chr2L	cs14.8	897741	sco	cs	2
chr3R	cs14.8	25962626	sco	cs	2
chrX	cs14.9	5313953	sco	cs	2
chr3R	cs14.9	12438550	sco	cs	2
chrX	w11.1	5717641	dco	w	2
chr3L	w11.1	9478342	sco	w	2
chrX	w11.1	15942557	dco	w	2
chr2R	w11.1	22691063	sco	w	2
chr3L	w11.10	1128447	dco	w	2
chr2L	w11.10	4656558	sco	w	2
chr3L	w11.10	13641922	dco	w	2
chrX	w11.10	14425383	sco	w	2
chr2L	w11.11	2868831	dco	w	2
chr2R	w11.11	14858967	sco	w	2
chr3L	w11.11	17563604	sco	w	2
chr2L	w11.11	19267621	dco	w	2
chr3R	w11.11	29155298	sco	w	2
chrX	w11.12	3549169	sco	w	2
chr3L	w11.12	4101394	sco	w	2
chr2L	w11.13	9163473	sco	w	2
chrX	w11.13	15970469	sco	w	2
chr3R	w11.13	30356413	sco	w	2
chr3L	w11.2	10417687	sco	w	2
chrX	w11.2	11466925	sco	w	2
chr2L	w11.2	16188108	sco	w	2
chr3R	w11.2	25359559	dco	w	2
chr3R	w11.2	18154492	dco	w	2
chrX	w11.3	13439057	sco	w	2
chr3R	w11.3	15415140	sco	w	2
chrX	w11.4	11948908	sco	w	2
chr2R	w11.4	23235715	sco	w	2
chrX	w11.5	7337858	sco	w	2
chr2R	w11.5	22597508	sco	w	2
chr3R	w11.5	24734855	sco	w	2
chr2L	w11.6	7746069	sco	w	2
chrX	w11.6	8766609	sco	w	2
chr2R	w11.6	15445633	sco	w	2
chr2L	w11.8	6301536	sco	w	2
chrX	w11.8	13537377	sco	w	2
chr2L	w12.1	3818509	dco	w	2
chr2R	w12.1	12901270	sco	w	2
chr2L	w12.1	12982386	dco	w	2
chrX	w12.1	13572990	sco	w	2
chr3R	w12.1	21656646	sco	w	2
chr2L	w12.10	6391954	sco	w	2
chr3L	w12.11	1496756	sco	w	2
chrX	w12.12	4962890	sco	w	2
chr2R	w12.12	10485528	sco	w	2
chr3R	w12.12	21981111	sco	w	2
chr3L	w12.13	2582712	dco	w	2
chr2L	w12.13	10186723	sco	w	2
chr3L	w12.13	13009424	dco	w	2
chr2L	w12.2	3871409	dco	w	2
chr2L	w12.2	10349701	dco	w	2
chr3R	w12.2	8225629	sco	w	2
chrX	w12.2	11523679	sco	w	2
chr3L	w12.2	12901029	sco	w	2
chr2R	w12.2	17384710	dco	w	2
chr2R	w12.2	21342753	dco	w	2
chrX	w12.3	4523545	sco	w	2
chr2R	w12.3	22450018	sco	w	2
chr2L	w12.6	9196874	sco	w	2
chr3L	w12.6	16516766	sco	w	2
chr2R	w12.6	18815401	sco	w	2
chrX	w12.7	5008899	sco	w	2
chr2R	w12.7	23663305	sco	w	2
chr3L	w12.9	16452849	sco	w	2
chr2R	w12.9	19887974	sco	w	2
chr3L	w13.1	457569	dco	w	2
chr2L	w13.1	3900623	sco	w	2
chr3L	w13.1	20056914	dco	w	2
chr2R	w13.1	23667901	sco	w	2
chr3L	w13.10	11355658	sco	w	2
chr3R	w13.10	17699911	sco	w	2
chr2R	w13.10	19217422	sco	w	2
chr2L	w13.11	15036763	sco	w	2
chr2R	w13.11	18272903	sco	w	2
chrX	w13.12	6435947	dco	w	2
chrX	w13.12	20420893	dco	w	2
chrX	w13.13	6274954	dco	w	2
chrX	w13.13	15313486	dco	w	2
chr3R	w13.13	20244456	sco	w	2
chr3L	w13.2	8629015	dco	w	2
chr3L	w13.2	16628137	dco	w	2
chr2L	w13.2	10794863	sco	w	2
chr3R	w13.2	17135916	sco	w	2
chr2R	w13.2	19238154	sco	w	2
chrX	w13.4	4303591	dco	w	2
chrX	w13.4	11555096	dco	w	2
chr3L	w13.4	11913965	sco	w	2
chr2R	w13.4	18893098	sco	w	2
chr3L	w13.5	6524990	dco	w	2
chr3L	w13.5	12830307	dco	w	2
chrX	w13.5	13525312	sco	w	2
chr2R	w13.5	14004132	sco	w	2
chr3L	w13.6	2464730	sco	w	2
chr2R	w13.6	22660676	sco	w	2
chr3R	w13.6	25698456	sco	w	2
chr3L	w13.7	2344808	sco	w	2
chrX	w13.7	5437908	sco	w	2
chr2L	w13.7	12982386	sco	w	2
chr2R	w13.7	16454004	sco	w	2
chr3R	w13.7	18530637	sco	w	2
chr2L	w13.8	7014731	sco	w	2
chr3R	w13.8	28834515	sco	w	2
chr2R	w13.9	10937822	sco	w	2
chr2L	w13.9	13501200	sco	w	2
chr3R	w13.9	19687499	dco	w	2
chr3R	w13.9	29644332	dco	w	2
chrX	w15.1	3566120	sco	w	2
chr3L	w15.1	7187730	sco	w	2
chr3R	w15.10	27429686	sco	w	2
chr3L	w15.10	4391307	sco	w	2
chrX	w15.10	8529066	sco	w	2
chrX	w15.11	4790901	sco	w	2
chr3L	w15.11	9544110	sco	w	2
chr2R	w15.11	16857579	sco	w	2
chr2L	w15.11	20246985	sco	w	2
chr3R	w15.11	26438505	sco	w	2
chrX	w15.12	10130288	dco	w	2
chrX	w15.12	19184442	dco	w	2
chr3R	w15.12	19956820	sco	w	2
chr2R	w15.12	21026077	sco	w	2
chr2L	w15.13	3667463	sco	w	2
chr2R	w15.13	13530785	sco	w	2
chr3R	w15.13	19620045	sco	w	2
chrX	w15.2	9611510	sco	w	2
chr2R	w15.2	11035264	sco	w	2
chr3L	w15.2	11174902	sco	w	2
chr2L	w15.2	15897586	sco	w	2
chr3R	w15.2	17937693	sco	w	2
chrX	w15.3	10860926	sco	w	2
chr3R	w15.3	11170684	dco	w	2
chr2R	w15.3	14461105	sco	w	2
chr3R	w15.3	22472070	dco	w	2
chrX	w15.4	9092426	sco	w	2
chr3R	w15.4	14427988	dco	w	2
chr3R	w15.4	30440125	dco	w	2
chr3R	w15.5	13493887	sco	w	2
chr2R	w15.5	19589630	sco	w	2
chr2R	w15.6	19238461	sco	w	2
chr3R	w15.8	14321208	sco	w	2
chrX	w15.9	7851349	sco	w	2
chr3L	w15.9	10500929	sco	w	2
chr3R	w15.9	17968190	sco	w	2
chr2L	cs1.1	9947492	sco	cs	1
chr2R	cs1.1	16416650	sco	cs	1
chr3R	cs1.1	14707783	sco	cs	1
chr3L	cs1.2	5731443	sco	cs	1
chr3R	cs1.2	18561714	sco	cs	1
chrX	cs1.2	8459625	sco	cs	1
chr2L	cs1.3	10213549	sco	cs	1
chr3L	cs1.3	3278630	dco	cs	1
chr3L	cs1.3	10900567	dco	cs	1
chrX	cs1.3	4981462	sco	cs	1
chr2L	cs1.4	17308406	sco	cs	1
chr2R	cs1.4	13840815	sco	cs	1
chrX	cs1.4	6819891	dco	cs	1
chrX	cs1.4	12524581	dco	cs	1
chr3L	cs1.5	8900163	sco	cs	1
chr3R	cs1.5	28357349	sco	cs	1
chrX	cs1.5	6070850	sco	cs	1
chr2L	cs1.6	14384311	sco	cs	1
chr3R	cs1.6	13915208	dco	cs	1
chr3R	cs1.6	29902122	dco	cs	1
chrX	cs1.6	6692441	sco	cs	1
chr3L	cs1.7	5521572	sco	cs	1
chr3R	cs1.7	14321224	dco	cs	1
chr3R	cs1.7	23407864	dco	cs	1
chr2L	cs1.8	7143361	sco	cs	1
chrX	cs1.8	5074270	sco	cs	1
chr2R	cs2.1	14551749	sco	cs	1
chr2L	cs2.2	12165922	sco	cs	1
chr3L	cs2.2	7587249	dco	cs	1
chr3L	cs2.2	12036478	dco	cs	1
chr3R	cs2.2	22411896	sco	cs	1
chr3R	cs2.3	22636114	sco	cs	1
chr2L	cs2.4	14298900	sco	cs	1
chr2R	cs2.4	14078617	sco	cs	1
chr3L	cs2.4	16553535	sco	cs	1
chrX	cs2.4	7123118	sco	cs	1
chr2L	cs2.5	2510898	sco	cs	1
chr3L	cs2.5	11545932	sco	cs	1
chr3R	cs2.5	21859841	sco	cs	1
chrX	cs2.5	2432603	sco	cs	1
chr2L	cs2.6	6106848	sco	cs	1
chr2R	cs2.6	19575769	sco	cs	1
chr2L	cs2.7	16292162	sco	cs	1
chr2R	cs2.7	21166095	sco	cs	1
chr3L	cs2.7	1634147	sco	cs	1
chr3R	cs2.7	17068805	sco	cs	1
chr2R	cs2.8	23152942	sco	cs	1
chr2L	cs5.1	9878781	sco	cs	1
chr3L	cs5.1	16166646	sco	cs	1
chrX	cs5.1	19185876	sco	cs	1
chr2L	cs5.2	16614880	sco	cs	1
chr2L	cs5.3	5120124	sco	cs	1
chrX	cs5.3	17533388	sco	cs	1
chr2L	cs5.4	1701602	sco	cs	1
chr2R	cs5.4	18778851	sco	cs	1
chr3L	cs5.4	8447635	sco	cs	1
chrX	cs5.4	12788792	sco	cs	1
chr2L	cs5.5	7582564	sco	cs	1
chrX	cs5.5	8357766	dco	cs	1
chrX	cs5.5	15897003	dco	cs	1
chr2R	cs5.6	14650744	sco	cs	1
chr2L	cs5.7	19701973	sco	cs	1
chr2R	cs5.7	11738223	sco	cs	1
chr3R	cs5.7	16715952	sco	cs	1
chrX	cs5.8	4648873	sco	cs	1
chr2L	cs6.1	7966858	sco	cs	1
chr2R	cs6.1	16946279	sco	cs	1
chr3L	cs6.1	4387341	sco	cs	1
chrX	cs6.1	6993026	dco	cs	1
chrX	cs6.1	14246463	dco	cs	1
chr2L	cs6.2	1251693	sco	cs	1
chr2R	cs6.2	19362727	sco	cs	1
chr2L	cs6.3	16061946	sco	cs	1
chr3R	cs6.3	21952850	sco	cs	1
chr3L	cs6.4	12101527	sco	cs	1
chrX	cs6.4	11532163	sco	cs	1
chr2L	cs6.6	3680624	sco	cs	1
chr2R	cs6.6	13045617	sco	cs	1
chrX	cs6.6	7374090	sco	cs	1
chr3L	cs6.7	8449229	sco	cs	1
chr3R	cs6.7	25621088	sco	cs	1
chrX	cs6.7	3470244	dco	cs	1
chrX	cs6.7	14910603	dco	cs	1
chr3L	cs6.8	12102000	sco	cs	1
chr2R	cs7.1	22133417	sco	cs	1
chr3L	cs7.1	4273178	sco	cs	1
chrX	cs7.1	13778841	sco	cs	1
chr2L	cs7.2	2829905	sco	cs	1
chr3L	cs7.2	1143174	dco	cs	1
chr3L	cs7.2	17536575	dco	cs	1
chr3L	cs7.3	4811676	sco	cs	1
chr3R	cs7.3	19263483	sco	cs	1
chr2L	cs7.4	2862508	sco	cs	1
chr2R	cs7.4	18243837	sco	cs	1
chr3L	cs7.4	9849109	sco	cs	1
chr3R	cs7.4	13016472	sco	cs	1
chrX	cs7.4	9007915	sco	cs	1
chr2L	cs7.5	5084109	sco	cs	1
chr2L	cs7.7	7368048	sco	cs	1
chr2R	cs7.7	19084613	sco	cs	1
chr3L	cs7.7	8658574	sco	cs	1
chr3R	cs7.7	18446506	sco	cs	1
chr2L	cs7.8	10166041	sco	cs	1
chr2R	cs7.8	23825574	sco	cs	1
chr3L	cs7.8	8562261	sco	cs	1
chr3R	cs7.8	10935702	dco	cs	1
chr3R	cs7.8	27604308	dco	cs	1
chrX	cs7.8	8600159	sco	cs	1
chr2L	cs8.1	6803782	sco	cs	1
chr3R	cs8.1	22484921	sco	cs	1
chrX	cs8.1	20896722	sco	cs	1
chr2R	cs8.2	16932332	sco	cs	1
chr3R	cs8.2	29268203	sco	cs	1
chrX	cs8.2	12697190	sco	cs	1
chrX	cs8.3	8823935	sco	cs	1
chr2L	cs8.5	10147830	sco	cs	1
chr2R	cs8.5	21251120	sco	cs	1
chr3L	cs8.5	7112734	sco	cs	1
chr3R	cs8.5	28704045	sco	cs	1
chr2L	cs8.6	1791388	dco	cs	1
chr2L	cs8.6	21725307	dco	cs	1
chr3L	cs8.6	7042084	sco	cs	1
chr3R	cs8.6	22918585	sco	cs	1
chrX	cs8.6	19390682	sco	cs	1
chr3L	cs8.7	1876201	dco	cs	1
chr3L	cs8.7	14745654	dco	cs	1
chrX	cs8.7	19228806	sco	cs	1
chr3L	cs8.8	3277038	dco	cs	1
chr3L	cs8.8	10843712	dco	cs	1
chr3R	cs8.8	22741016	sco	cs	1
chrX	cs8.8	8371364	sco	cs	1
chr2L	cs9.1	5610562	sco	cs	1
chr3L	cs9.1	5271480	sco	cs	1
chrX	cs9.1	9574089	sco	cs	1
chrX	w3.1	19822383	sco	w	1
chr2L	w3.11	7571679	sco	w	1
chr2R	w3.11	15013060	sco	w	1
chr3L	w3.11	16463803	sco	w	1
chr3L	w3.12	4573034	sco	w	1
chr2L	w3.13	10144330	sco	w	1
chr3L	w3.13	16969557	sco	w	1
chr3R	w3.13	18212224	sco	w	1
chrX	w3.13	4595161	dco	w	1
chrX	w3.13	17964570	dco	w	1
chr2L	w3.14	10353422	sco	w	1
chr2R	w3.15	11783136	sco	w	1
chr3R	w3.15	14910342	sco	w	1
chr2L	w3.16	8229825	sco	w	1
chr3L	w3.16	12112391	dco	w	1
chr3L	w3.16	17120726	dco	w	1
chrX	w3.16	10060737	dco	w	1
chrX	w3.16	14173641	dco	w	1
chr2L	w3.17	8610525	sco	w	1
chr2R	w3.17	13676777	sco	w	1
chr3L	w3.17	8153207	sco	w	1
chrX	w3.17	6941893	sco	w	1
chr3L	w3.18	16547911	sco	w	1
chr3R	w3.18	13938679	sco	w	1
chr2R	w3.21	16609399	sco	w	1
chr3R	w3.24	18206549	sco	w	1
chr2L	w3.25	5301876	sco	w	1
chr3L	w3.25	4090736	sco	w	1
chrX	w3.25	4246614	sco	w	1
chr3L	w3.26	13266975	sco	w	1
chr3R	w3.26	29226228	sco	w	1
chr2R	w3.4	20709806	sco	w	1
chr3R	w3.4	22305224	sco	w	1
chrX	w3.4	6898241	sco	w	1
chr2R	w3.5	18278865	sco	w	1
chr3R	w3.5	18055523	sco	w	1
chrX	w3.5	19288202	sco	w	1
chr2L	w3.6	3297468	sco	w	1
chr3L	w3.6	8142732	sco	w	1
chr2R	w3.8	13610781	sco	w	1
chr3L	w3.8	4090039	sco	w	1
chrX	w3.8	2495362	sco	w	1
chr3L	w3.9	15132749	sco	w	1
chrX	w3.9	18393396	sco	w	1
chr2R	w4.1	15359689	sco	w	1
chr3R	w4.1	30089082	sco	w	1
chrX	w4.1	9252524	sco	w	1
chr2R	w4.11	23754688	sco	w	1
chr3L	w4.11	1990335	sco	w	1
chr3R	w4.11	22814053	sco	w	1
chrX	w4.11	13544888	sco	w	1
chr3L	w4.12	9528683	sco	w	1
chr3L	w4.13	3183644	sco	w	1
chr2L	w4.15	2689355	sco	w	1
chr2R	w4.15	20714232	sco	w	1
chr3L	w4.15	8014175	sco	w	1
chr3R	w4.15	22673170	dco	w	1
chr3R	w4.15	28101248	dco	w	1
chr2L	w4.16	12209863	sco	w	1
chr2R	w4.16	13313662	sco	w	1
chrX	w4.16	5512195	dco	w	1
chrX	w4.16	8525084	dco	w	1
chr3R	w4.17	24434469	sco	w	1
chr3L	w4.2	14239674	sco	w	1
chrX	w4.2	9637897	sco	w	1
chr2L	w4.3	6109491	sco	w	1
chr3L	w4.3	2335050	dco	w	1
chr3L	w4.3	12796377	dco	w	1
chr3L	w4.5	7313931	sco	w	1
chrX	w4.5	9607165	sco	w	1
chr2L	w4.6	10188444	sco	w	1
chr2R	w4.6	13023202	sco	w	1
chr3R	w4.6	22031156	sco	w	1
chrX	w4.6	6435947	sco	w	1
chr2L	w4.7	8160195	sco	w	1
chr3L	w4.7	2486983	sco	w	1
chr3R	w4.7	22528337	sco	w	1
chr2L	w4.8	4797461	dco	w	1
chr2L	w4.8	6265936	dco	w	1
chr3R	w4.8	18410952	sco	w	1
chrX	w4.8	8313927	dco	w	1
chrX	w4.8	14811430	dco	w	1
chr2R	w4.9	10982941	sco	w	1
chr3L	w4.9	16151477	sco	w	1
chr2L	w5.1	2642375	sco	w	1
chr2R	w5.1	23565113	sco	w	1
chrX	w5.1	8983614	sco	w	1
chr2L	w5.11	7543797	sco	w	1
chr3L	w5.11	4954523	sco	w	1
chr2R	w5.12	18887620	sco	w	1
chr3R	w5.12	18704805	sco	w	1
chr2L	w5.13	9988299	sco	w	1
chr3L	w5.13	6450083	sco	w	1
chrX	w5.13	18874441	sco	w	1
chr2L	w5.14	18782294	sco	w	1
chr2R	w5.14	19992057	sco	w	1
chr3R	w5.14	19083612	sco	w	1
chrX	w5.14	9702614	sco	w	1
chr2R	w5.15	12696174	sco	w	1
chr3R	w5.15	17585461	sco	w	1
chr2L	w5.16	11555077	sco	w	1
chr2R	w5.16	11668476	sco	w	1
chr3L	w5.16	1948552	sco	w	1
chr3R	w5.16	22878326	sco	w	1
chr2L	w5.17	7034808	sco	w	1
chr2R	w5.17	11090379	sco	w	1
chrX	w5.17	15751688	sco	w	1
chr2L	w5.2	3573726	sco	w	1
chr3L	w5.2	9288448	sco	w	1
chr2L	w5.3	5805362	sco	w	1
chr2R	w5.3	7683210	dco	w	1
chr2R	w5.3	24064116	dco	w	1
chrX	w5.3	16155662	sco	w	1
chr2L	w5.4	4897506	sco	w	1
chr2R	w5.4	20705444	sco	w	1
chr3L	w5.4	9268237	sco	w	1
chr3R	w5.4	23911219	sco	w	1
chr2L	w5.5	9417471	sco	w	1
chr2R	w5.5	18723393	sco	w	1
chrX	w5.5	12362895	sco	w	1
chr2R	w5.6	10412232	sco	w	1
chr2L	w5.7	7872275	sco	w	1
chr2R	w5.7	7710045	dco	w	1
chr2R	w5.7	19349557	dco	w	1
chr2L	w5.8	13717784	sco	w	1
chr2R	w5.8	13480153	sco	w	1
chr3L	w5.8	4169360	sco	w	1
chr3R	w5.8	18099997	sco	w	1
chr2L	w5.9	2619392	sco	w	1
chr3R	w5.9	28471344	sco	w	1
