Chr	Stock	AvePosition	Class	Dad	Batch	5Parent	5SNP	NCOParent	5NCO	3NCO	SNPCount	3Parent	3SNP	MinTractLen	MaxTractLen
chr2L	cs14.13	839961	nco	cs	2	cs	839425	both	839664	839972	4	cs	840497	308	1072
chr2L	cs2.2	882119	nco	cs	1	cs	881627	both	881702	882129	9	cs	882611	427	984
chr2L	cs6.8	1024578	nco	cs	1	both	1023563	cs	1024690	1024690	1	both	1025592	0	2029
chr2L	w3.4	1042161	nco	w	1	both	1041871	w	1042323	1042323	1	both	1042450	0	579
chr2L	cs2.6	1373944	nco	cs	1	cs	1373024	both	1374199	1374199	1	cs	1374863	0	1839
chr2L	w5.14	1664079	nco	w	1	both	1663265	w	1663300	1663793	7	both	1664893	493	1628
chr2L	cs5.8	1719535	nco	cs	1	both	1719369	cs	1719552	1719600	3	both	1719701	48	332
chr2L	w4.1	2431759	nco	w	1	both	2429537	w	2429897	2431771	11	both	2433980	1874	4443
chr2L	cs1.7	2439537	nco	cs	1	cs	2438094	both	2440378	2440638	13	cs	2440980	260	2886
chr2L	cs8.6	2675863	nco	cs	1	cs	2675337	both	2675843	2675987	3	cs	2676388	144	1051
chr2L	cs1.4	2700853	nco	cs	1	cs	2699765	both	2700086	2701390	17	cs	2701940	1304	2175
chr2L	w13.10	3086694	nco	w	2	w	3086353	both	3086822	3086849	2	w	3087035	27	682
chr2L	w13.12	3188771	nco	w	2	w	3188550	both	3188693	3188693	1	w	3188991	0	441
chr2L	cs14.5	3430781	nco	cs	2	cs	3430497	both	3430560	3431013	10	both	3431064	453	567
chr2L	cs2.8	4055238	nco	cs	1	cs	4054814	both	4054986	4055191	2	cs	4055661	205	847
chr2L	w3.24	4197181	nco	w	1	both	4196679	w	4196989	4197610	4	both	4197683	621	1004
chr2L	w5.12	4225020	nco	w	1	w	4224713	both	4225022	4225046	2	w	4225327	24	614
chr2L	w12.5	4736819	nco	w	2	w	4735516	both	4737743	4737873	4	w	4738122	130	2606
chr2L	cs14.8	5022709	nco	cs	2	both	5022553	cs	5022584	5022584	1	both	5022864	0	311
chr2L	w4.16	5753645	nco	w	1	both	5752541	w	5753073	5753782	16	both	5754748	709	2207
chr2L	w11.7	6756162	nco	w	2	both	6755412	w	6755529	6755529	1	both	6756911	0	1499
chr2L	w12.12	7273832	nco	w	2	both	7273166	w	7273992	7273992	1	w	7274497	0	1331
chr2L	cs1.7	7523023	nco	cs	1	cs	7522845	both	7523012	7523137	6	cs	7523201	125	356
chr2L	w3.15	7842960	nco	w	1	both	7842242	w	7842418	7843622	28	both	7843678	1204	1436
chr2L	cs6.4	8990634	nco	cs	1	both	8990233	cs	8990244	8990244	1	both	8991034	0	801
chr2L	cs13.1	9224865	nco	cs	2	both	9224679	cs	9224793	9224880	5	both	9225050	87	371
chr2L	cs14.12	9486681	nco	cs	2	cs	9486011	both	9486165	9486825	15	both	9487350	660	1339
chr2L	w3.15	9874413	nco	w	1	both	9873348	w	9873483	9874768	35	both	9875477	1285	2129
chr2L	cs13.1	10127205	nco	cs	2	both	10126562	cs	10127024	10127024	1	both	10127847	0	1285
chr2L	cs5.2	10144840	nco	cs	1	cs	10143717	both	10144942	10144963	2	cs	10145962	21	2245
chr2L	w15.6	10236092	nco	w	2	w	10235657	both	10235809	10235809	1	w	10236527	0	870
chr2L	cs12.11	10270642	nco	cs	2	both	10270245	cs	10270799	10270931	4	both	10271039	132	794
chr2L	w3.4	10346663	nco	w	1	both	10346414	w	10346642	10346642	1	both	10346912	0	498
chr2L	cs5.3	10372348	nco	cs	1	cs	10371819	both	10372302	10372548	5	cs	10372877	246	1058
chr2L	w11.6	10431024	nco	w	2	w	10430586	both	10431000	10431000	1	w	10431462	0	876
chr2L	w5.4	10527257	nco	w	1	both	10526928	w	10526973	10527466	16	both	10527586	493	658
chr2L	w3.12	10554699	nco	w	1	both	10554176	w	10554747	10554931	4	both	10555222	184	1046
chr2L	cs12.13	10584506	nco	cs	2	cs	10583358	both	10584641	10584641	1	cs	10585653	0	2295
chr2L	cs13.11	10655643	nco	cs	2	both	10653770	cs	10655037	10655630	6	cs	10657515	593	3745
chr2L	w15.11	10702978	nco	w	2	w	10702467	both	10702533	10702861	7	w	10703489	328	1022
chr2L	w4.3	11027337	nco	w	1	both	11027059	w	11027195	11027195	1	both	11027615	0	556
chr2L	cs6.8	11210005	nco	cs	1	both	11208602	cs	11208745	11210550	21	both	11211407	1805	2805
chr2L	w11.5	11233770	nco	w	2	both	11233317	w	11233639	11233643	2	both	11234223	4	906
chr2L	cs13.10	11707055	nco	cs	2	cs	11706965	both	11707045	11707080	2	cs	11707145	35	180
chr2L	w12.6	11750254	nco	w	2	both	11749165	w	11749523	11749741	6	both	11751342	218	2177
chr2L	cs12.12	11822415	nco	cs	2	both	11821923	cs	11822463	11822463	1	both	11822907	0	984
chr2L	w12.10	12629880	nco	w	2	both	12629786	w	12629801	12629801	1	both	12629974	0	188
chr2L	w3.11	13830237	nco	w	1	both	13829140	w	13829423	13830211	5	both	13831334	788	2194
chr2L	cs14.4	14085654	nco	cs	2	both	14084565	cs	14086188	14086188	1	both	14086743	0	2178
chr2L	w11.1	15294195	nco	w	2	both	15292965	w	15293161	15293161	1	both	15295425	0	2460
chr2L	cs12.17	15758615	nco	cs	2	cs	15758136	both	15758371	15758491	5	cs	15759094	120	958
chr2L	cs14.9	16185199	nco	cs	2	cs	16184698	both	16184800	16185259	10	cs	16185700	459	1002
chr2L	w4.11	16796942	nco	w	1	both	16796507	w	16797044	16797261	3	both	16797376	217	869
chr2L	cs5.3	17228827	nco	cs	1	cs	17227951	both	17228153	17228519	3	cs	17229702	366	1751
chr2L	cs2.1	17365444	nco	cs	1	cs	17364999	both	17365149	17365205	2	cs	17365889	56	890
chr2L	w12.7	17512006	nco	w	2	both	17511467	w	17511647	17512095	9	both	17512545	448	1078
chr2L	cs12.8	17582367	nco	cs	2	both	17581980	cs	17582420	17582555	2	both	17582753	135	773
chr2L	w5.9	19275720	nco	w	1	w	19274310	both	19275502	19276149	18	w	19277129	647	2819
chr2L	w4.3	19557091	nco	w	1	both	19556624	w	19557175	19557236	3	both	19557558	61	934
chr2L	w5.11	19713879	nco	w	1	w	19713343	both	19713512	19714061	9	w	19714415	549	1072
chr2L	cs2.3	19999892	nco	cs	1	both	19998787	cs	19999807	20000444	11	both	20000997	637	2210
chr2L	w13.11	20333973	nco	w	2	w	20333724	both	20333904	20334029	4	w	20334221	125	497
chr2L	cs14.1	20429142	nco	cs	2	both	20428935	cs	20429217	20429217	1	both	20429349	0	414
chr2L	w5.3	20522740	nco	w	1	w	20522579	both	20522674	20522760	3	w	20522900	86	321
chr2L	w12.1	20653815	nco	w	2	w	20647383	both	20650022	20650080	3	w	20660246	58	12863
chr2L	w13.8	20899609	nco	w	2	both	20899413	w	20899531	20899565	2	both	20899804	34	391
chr2L	w11.11	22137348	nco	w	2	both	22136812	w	22137741	22137741	1	both	22137883	0	1071
chr2R	w15.13	4684987	nco	w	2	both	4684864	w	4685028	4685040	2	both	4685109	12	245
chr2R	cs13.2	5210712	nco	cs	2	both	5210313	cs	5211005	5211005	1	both	5211111	0	798
chr2R	w12.3	5771037	nco	w	2	w	5770073	both	5770645	5770949	2	w	5772000	304	1927
chr2R	w4.1	6515654	nco	w	1	both	6515204	w	6515733	6515860	4	both	6516104	127	900
chr2R	cs12.9	6529424	nco	cs	2	cs	6529172	both	6529429	6529429	1	cs	6529675	0	503
chr2R	w15.5	7026175	nco	w	2	w	7025757	both	7026202	7026202	1	w	7026593	0	836
chr2R	cs14.7	7190103	nco	cs	2	cs	7189811	both	7190060	7190207	3	cs	7190395	147	584
chr2R	w11.8	7206158	nco	w	2	both	7205276	w	7205831	7205831	1	both	7207040	0	1764
chr2R	cs13.6	7399613	nco	cs	2	both	7398693	cs	7399211	7400262	5	both	7400532	1051	1839
chr2R	w11.4	7437183	nco	w	2	both	7434398	w	7439495	7439771	3	both	7439968	276	5570
chr2R	w11.1	7514996	nco	w	2	both	7513996	w	7514177	7514534	4	both	7515996	357	2000
chr2R	cs5.5	8580284	nco	cs	1	cs	8579734	both	8579986	8580076	3	cs	8580833	90	1099
chr2R	cs13.16	9631453	nco	cs	2	cs	9630382	both	9631478	9631478	1	cs	9632523	0	2141
chr2R	w11.12	9781406	nco	w	2	w	9780801	both	9781245	9781559	4	both	9782010	314	1209
chr2R	cs13.18	10357568	nco	cs	2	cs	10357250	both	10357447	10357476	3	cs	10357885	29	635
chr2R	w5.4	10766694	nco	w	1	both	10766166	w	10766576	10767179	5	both	10767222	603	1056
chr2R	cs14.13	10967241	nco	cs	2	cs	10966447	both	10967228	10967363	5	cs	10968035	135	1588
chr2R	cs5.3	10990946	nco	cs	1	cs	10990374	both	10991196	10991260	2	cs	10991518	64	1144
chr2R	cs12.10	11059492	nco	cs	2	both	11059163	cs	11059289	11059770	7	both	11059821	481	658
chr2R	w3.11	11173817	nco	w	1	both	11173177	w	11173410	11173863	5	both	11174456	453	1279
chr2R	w15.4	11243459	nco	w	2	both	11243206	w	11243438	11243486	3	both	11243711	48	505
chr2R	cs7.4	11460524	nco	cs	1	cs	11459111	both	11459496	11459496	1	cs	11461937	0	2826
chr2R	cs14.8	11621082	nco	cs	2	both	11620787	cs	11621086	11621355	7	both	11621376	269	589
chr2R	cs7.3	11695603	nco	cs	1	cs	11695205	both	11695739	11695848	5	cs	11696000	109	795
chr2R	cs14.11	11861472	nco	cs	2	both	11860899	cs	11861117	11861903	2	both	11862045	786	1146
chr2R	w13.11	12006805	nco	w	2	w	12006441	both	12006887	12007016	4	w	12007169	129	728
chr2R	w13.4	12400304	nco	w	2	both	12399554	w	12400593	12400748	2	both	12401054	155	1500
chr2R	cs13.4	12612914	nco	cs	2	both	12612483	cs	12613088	12613088	1	both	12613345	0	862
chr2R	cs12.16	12698166	nco	cs	2	cs	12698057	both	12698237	12698237	1	both	12698274	0	217
chr2R	cs12.16	12698579	nco	cs	2	cs	12698278	both	12698476	12698476	1	both	12698880	0	602
chr2R	cs14.4	13622981	nco	cs	2	both	13622406	cs	13622451	13623415	11	both	13623556	964	1150
chr2R	cs13.1	14011634	nco	cs	2	cs	14011507	both	14011636	14011650	2	cs	14011760	14	253
chr2R	w15.2	14707395	nco	w	2	w	14707329	both	14707387	14707387	1	w	14707461	0	132
chr2R	w15.2	14707896	nco	w	2	w	14707494	both	14707553	14708095	17	w	14708297	542	803
chr2R	w11.13	14733203	nco	w	2	both	14732633	w	14732778	14732778	1	both	14733772	0	1139
chr2R	cs14.7	15288899	nco	cs	2	cs	15288609	both	15288696	15288709	3	cs	15289189	13	580
chr2R	cs8.1	15538023	nco	cs	1	cs	15536934	both	15537679	15538807	17	cs	15539111	1128	2177
chr2R	w15.4	15963859	nco	w	2	both	15962802	w	15963212	15964780	5	both	15964915	1568	2113
chr2R	w4.2	16055371	nco	w	1	w	16054201	both	16054377	16055057	12	w	16056541	680	2340
chr2R	w13.1	16209693	nco	w	2	w	16209421	both	16209728	16209812	2	w	16209965	84	544
chr2R	w5.13	16229135	nco	w	1	both	16229089	w	16229122	16229122	1	both	16229181	0	92
chr2R	w5.11	16336740	nco	w	1	w	16335888	both	16335973	16337415	9	w	16337591	1442	1703
chr2R	w12.10	16392473	nco	w	2	both	16391946	w	16392135	16392135	1	both	16393000	0	1054
chr2R	w15.6	17162534	nco	w	2	w	17162333	both	17162485	17162680	8	both	17162734	195	401
chr2R	cs14.7	17864833	nco	cs	2	cs	17864516	both	17864621	17864707	2	cs	17865150	86	634
chr2R	w5.11	17878730	nco	w	1	w	17878078	both	17878444	17879339	14	w	17879381	895	1303
chr2R	cs7.6	18057969	nco	cs	1	cs	18057857	both	18058040	18058040	1	cs	18058080	0	223
chr2R	w15.2	18118188	nco	w	2	w	18117429	both	18117693	18118235	8	w	18118947	542	1518
chr2R	cs14.3	18144281	nco	cs	2	cs	18143882	both	18143939	18144002	2	cs	18144680	63	798
chr2R	cs14.4	18144281	nco	cs	2	both	18143882	both	18143939	18143939	1	cs	18144680	0	798
chr2R	w15.9	18590358	nco	w	2	both	18590172	w	18590475	18590512	3	both	18590544	37	372
chr2R	cs7.2	19143154	nco	cs	1	both	19142890	cs	19142914	19142952	2	both	19143418	38	528
chr2R	cs8.6	19287301	nco	cs	1	both	19285945	cs	19287112	19287112	1	both	19288656	0	2711
chr2R	w12.1	19508444	nco	w	2	both	19507783	w	19507922	19508175	9	both	19509105	253	1322
chr2R	cs1.7	20481674	nco	cs	1	cs	20480585	both	20480791	20481018	4	cs	20482763	227	2178
chr2R	w4.2	23358042	nco	w	1	w	23357682	both	23358022	23358022	1	w	23358402	0	720
chr2R	w4.2	23359212	nco	w	1	w	23358581	both	23358690	23359771	17	w	23359843	1081	1262
chr2R	w13.13	23368965	nco	w	2	w	23368576	both	23369217	23369284	4	w	23369353	67	777
chr2R	cs13.16	23610591	nco	cs	2	cs	23610020	both	23610443	23610782	6	cs	23611162	339	1142
chr2R	w15.4	23633741	nco	w	2	both	23632920	w	23634275	23634275	1	both	23634562	0	1642
chr2R	w13.7	24410814	nco	w	2	w	24410367	both	24410425	24411028	9	w	24411260	603	893
chr2R	cs12.5	24471894	nco	cs	2	cs	24471658	both	24471762	24472024	4	cs	24472130	262	472
chr2R	cs2.5	24869426	nco	cs	1	both	24865265	cs	24865481	24865481	1	both	24873586	0	8321
chr3L	cs13.3	294900	nco	cs	2	both	293913	cs	295659	295695	2	both	295887	36	1974
chr3L	cs13.13	969633	nco	cs	2	both	969147	cs	969293	969472	3	both	970119	179	972
chr3L	w13.5	999911	nco	w	2	w	999224	both	999241	1000086	13	w	1000597	845	1373
chr3L	cs13.6	1239789	nco	cs	2	both	1238394	cs	1239996	1239996	1	both	1241184	0	2790
chr3L	w11.12	1444061	nco	w	2	both	1443623	w	1444015	1444130	6	w	1444499	115	876
chr3L	cs2.2	1462963	nco	cs	1	both	1462457	cs	1462825	1462830	2	both	1463469	5	1012
chr3L	w3.1	1482809	nco	w	1	w	1482240	both	1482481	1482758	5	w	1483378	277	1138
chr3L	w4.9	1673692	nco	w	1	both	1673428	w	1673619	1673673	3	both	1673955	54	527
chr3L	w12.6	1969420	nco	w	2	both	1969142	w	1969167	1969472	10	both	1969698	305	556
chr3L	cs14.7	3001927	nco	cs	2	both	3001547	cs	3001863	3001931	3	both	3002307	68	760
chr3L	w4.12	3329902	nco	w	1	both	3329144	w	3330222	3330412	4	both	3330659	190	1515
chr3L	w13.4	3494084	nco	w	2	both	3493539	w	3493758	3494459	9	both	3494629	701	1090
chr3L	cs14.6	3538770	nco	cs	2	cs	3538035	both	3538503	3538503	1	cs	3539504	0	1469
chr3L	cs1.7	3792566	nco	cs	1	both	3792394	cs	3792602	3792602	1	both	3792738	0	344
chr3L	w5.17	3834843	nco	w	1	both	3834385	w	3834723	3835049	3	both	3835300	326	915
chr3L	cs12.18	4099916	nco	cs	2	cs	4099573	both	4099983	4100010	3	both	4100258	27	685
chr3L	cs12.8	5355043	nco	cs	2	cs	5354120	both	5355010	5355010	1	cs	5355966	0	1846
chr3L	w15.5	5443014	nco	w	2	both	5442768	w	5443158	5443175	3	both	5443259	17	491
chr3L	w5.3	5526542	nco	w	1	both	5525261	w	5526883	5527279	8	both	5527823	396	2562
chr3L	cs13.5	5526885	nco	cs	2	cs	5525947	both	5526883	5527279	7	cs	5527823	396	1876
chr3L	cs2.1	5577801	nco	cs	1	cs	5575800	both	5579178	5579550	6	cs	5579801	372	4001
chr3L	w12.9	6092996	nco	w	2	w	6092918	both	6092945	6092960	2	w	6093074	15	156
chr3L	w11.5	6240157	nco	w	2	both	6239818	w	6239930	6240293	2	both	6240496	363	678
chr3L	cs12.17	6803612	nco	cs	2	both	6802801	cs	6803210	6804260	20	both	6804422	1050	1621
chr3L	cs8.4	7008622	nco	cs	1	cs	7007956	both	7008374	7009028	6	cs	7009287	654	1331
chr3L	cs14.7	7255932	nco	cs	2	both	7255544	cs	7255665	7255963	7	both	7256319	298	775
chr3L	w11.12	8711680	nco	w	2	w	8711353	both	8711806	8711876	2	w	8712007	70	654
chr3L	w15.1	8756977	nco	w	2	w	8756837	both	8756944	8756944	1	w	8757116	0	279
chr3L	cs12.15	8925745	nco	cs	2	both	8923967	cs	8924062	8926679	15	both	8927522	2617	3555
chr3L	w3.24	9323191	nco	w	1	both	9322510	w	9323195	9323506	6	both	9323872	311	1362
chr3L	w5.14	10266962	nco	w	1	w	10266680	both	10267000	10267094	19	w	10267243	94	563
chr3L	w4.2	10800884	nco	w	1	w	10800267	both	10800377	10801257	17	w	10801501	880	1234
chr3L	w3.9	11050247	nco	w	1	w	11049075	both	11049906	11050639	14	w	11051418	733	2343
chr3L	w12.7	11442016	nco	w	2	w	11441258	both	11441592	11441888	9	both	11442773	296	1515
chr3L	w3.25	11627794	nco	w	1	w	11627016	both	11627355	11628329	18	w	11628571	974	1555
chr3L	w3.17	11902465	nco	w	1	w	11901481	both	11902997	11903104	6	w	11903449	107	1968
chr3L	cs12.18	12782618	nco	cs	2	cs	12782223	both	12782527	12782722	5	cs	12783012	195	789
chr3L	w3.9	14358747	nco	w	1	w	14358057	both	14358674	14359406	13	w	14359437	732	1380
chr3L	cs13.13	15555913	nco	cs	2	both	15548633	cs	15561281	15561281	1	both	15563193	0	14560
chr3L	w11.11	15903646	nco	w	2	both	15903139	w	15903492	15903906	16	both	15904153	414	1014
chr3L	cs7.7	16070941	nco	cs	1	both	16070455	cs	16070603	16071100	9	both	16071427	497	972
chr3L	w11.3	16201509	nco	w	2	w	16200915	both	16201345	16201492	4	both	16202103	147	1188
chr3L	cs13.8	16430644	nco	cs	2	cs	16429266	both	16430717	16431316	6	cs	16432022	599	2756
chr3L	cs1.8	16547450	nco	cs	1	cs	16547180	both	16547185	16547382	5	cs	16547719	197	539
chr3L	cs6.5	16827128	nco	cs	1	both	16826331	cs	16826402	16827717	14	end	16827924	1315	1593
chr3L	cs14.7	18341251	nco	cs	2	cs	18341119	both	18341349	18341349	1	cs	18341382	0	263
chr3L	cs14.6	18524193	nco	cs	2	cs	18523747	both	18524612	18524612	1	both	18524639	0	892
chr3L	w15.2	18862628	nco	w	2	w	18862293	both	18862465	18862469	2	w	18862962	4	669
chr3L	cs7.2	18995140	nco	cs	1	both	18994046	cs	18994326	18994851	2	both	18996234	525	2188
chr3L	cs1.3	19063446	nco	cs	1	cs	19063124	both	19063363	19063488	3	cs	19063768	125	644
chr3L	cs13.9	19075155	nco	cs	2	both	19073541	cs	19075242	19075422	5	both	19076768	180	3227
chr3L	w3.14	19284477	nco	w	1	both	19283024	w	19285314	19285749	7	both	19285929	435	2905
chr3L	cs12.9	19380416	nco	cs	2	cs	19379625	both	19380222	19380222	1	cs	19381207	0	1582
chr3L	w15.4	20211030	nco	w	2	both	20210881	w	20210981	20210981	1	both	20211178	0	297
chr3L	cs13.11	20425593	nco	cs	2	both	20425449	cs	20425526	20425526	1	cs	20425737	0	288
chr3L	w4.15	20576675	nco	w	1	both	20575839	w	20576146	20577099	7	both	20577511	953	1672
chr3L	cs2.5	20710387	nco	cs	1	both	20709299	cs	20709624	20711074	8	both	20711474	1450	2175
chr3L	cs12.11	20794022	nco	cs	2	cs	20793503	both	20793608	20793730	5	cs	20794540	122	1037
chr3L	w3.25	21391841	nco	w	1	w	21391017	both	21391705	21392176	4	w	21392664	471	1647
chr3L	cs13.2	22273581	nco	cs	2	both	22272997	cs	22273942	22273942	1	both	22274164	0	1167
chr3L	w5.3	22289214	nco	w	1	both	22288565	w	22288980	22288980	1	both	22289862	0	1297
chr3L	w11.12	22420482	nco	w	2	both	22419779	w	22420117	22420683	9	w	22421184	566	1405
chr3L	cs2.4	22431280	nco	cs	1	both	22430490	cs	22431594	22431594	1	both	22432070	0	1580
chr3L	w15.2	22513059	nco	w	2	w	22512156	both	22512563	22513303	10	w	22513961	740	1805
chr3R	w12.7	4724841	nco	w	2	w	4724519	both	4725092	4725092	1	w	4725162	0	643
chr3R	w15.1	4840993	nco	w	2	w	4840339	both	4841378	4841437	2	w	4841646	59	1307
chr3R	cs12.15	5332700	nco	cs	2	both	5331450	cs	5332327	5332701	3	both	5333950	374	2500
chr3R	w13.1	5389919	nco	w	2	both	5389489	w	5390167	5390167	1	both	5390348	0	859
chr3R	cs2.4	5502974	nco	cs	1	both	5498924	cs	5499307	5499458	3	both	5507023	151	8099
chr3R	w5.5	5952903	nco	w	1	w	5952322	both	5952608	5952712	3	w	5953484	104	1162
chr3R	w4.17	6146042	nco	w	1	w	6145376	both	6145615	6145953	4	w	6146708	338	1332
chr3R	cs2.8	6174387	nco	cs	1	both	6173812	cs	6174195	6174488	4	both	6174961	293	1149
chr3R	cs14.12	6668552	nco	cs	2	cs	6667690	both	6667708	6668552	7	cs	6669414	844	1724
chr3R	cs1.5	6812502	nco	cs	1	cs	6811320	both	6811568	6812266	8	cs	6813683	698	2363
chr3R	cs7.6	7570596	nco	cs	1	both	7570334	cs	7570491	7570491	1	both	7570858	0	524
chr3R	w12.13	7743666	nco	w	2	both	7743368	w	7743534	7743715	5	w	7743963	181	595
chr3R	cs13.14	8622349	nco	cs	2	cs	8621616	both	8622114	8622114	1	cs	8623082	0	1466
chr3R	w5.11	8811019	nco	w	1	w	8809908	both	8811078	8811412	5	w	8812129	334	2221
chr3R	cs12.18	9078959	nco	cs	2	cs	9077837	both	9077898	9079821	19	cs	9080080	1923	2243
chr3R	cs7.1	9259868	nco	cs	1	cs	9257136	both	9258167	9258711	3	cs	9262600	544	5464
chr3R	cs6.5	9277340	nco	cs	1	both	9276279	cs	9276599	9277526	5	both	9278400	927	2121
chr3R	w12.2	9483785	nco	w	2	both	9483096	w	9483445	9483558	2	both	9484473	113	1377
chr3R	cs5.8	9593121	nco	cs	1	both	9592539	cs	9592935	9593018	3	both	9593703	83	1164
chr3R	w5.1	11291115	nco	w	1	w	11290918	both	11291153	11291173	2	w	11291312	20	394
chr3R	w3.15	11576476	nco	w	1	both	11575861	w	11576815	11576815	1	both	11577090	0	1229
chr3R	cs12.2	12851161	nco	cs	2	both	12850547	cs	12851117	12851375	2	both	12851774	258	1227
chr3R	cs12.8	13925731	nco	cs	2	both	13925399	cs	13925856	13925958	2	both	13926063	102	664
chr3R	w4.9	13929259	nco	w	1	w	13929028	both	13929132	13929246	5	w	13929489	114	461
chr3R	w13.9	14380795	nco	w	2	w	14380139	both	14380494	14380494	1	w	14381450	0	1311
chr3R	cs13.8	14929841	nco	cs	2	cs	14929297	both	14929818	14929818	1	cs	14930385	0	1088
chr3R	w12.5	15862272	nco	w	2	both	15861811	w	15862255	15862255	1	both	15862732	0	921
chr3R	w11.1	17008209	nco	w	2	w	17007874	both	17008296	17008455	5	w	17008544	159	670
chr3R	w3.16	17111555	nco	w	1	both	17110837	w	17111279	17112002	4	both	17112273	723	1436
chr3R	w13.11	17248218	nco	w	2	both	17247743	w	17248227	17248227	1	both	17248693	0	950
chr3R	cs13.13	17327435	nco	cs	2	both	17326933	cs	17327356	17327541	7	both	17327936	185	1003
chr3R	w13.6	17602820	nco	w	2	both	17602447	w	17602811	17602811	1	both	17603193	0	746
chr3R	w13.8	18280608	nco	w	2	w	18280325	both	18280445	18280814	5	w	18280891	369	566
chr3R	cs12.10	18334647	nco	cs	2	both	18334037	cs	18334415	18335044	3	both	18335256	629	1219
chr3R	w3.15	18460401	nco	w	1	w	18459776	both	18460755	18460755	1	w	18461025	0	1249
chr3R	w11.4	19120893	nco	w	2	w	19119523	both	19120657	19121013	6	w	19122263	356	2740
chr3R	w3.18	19372993	nco	w	1	both	19371681	w	19373001	19373221	7	both	19374304	220	2623
chr3R	cs7.2	19607758	nco	cs	1	both	19607313	cs	19607717	19607744	2	end	19608202	27	889
chr3R	cs8.6	20222917	nco	cs	1	cs	20221867	both	20222747	20222747	1	cs	20223967	0	2100
chr3R	w12.10	20239338	nco	w	2	both	20238920	w	20238934	20239515	10	both	20239756	581	836
chr3R	cs1.8	20574419	nco	cs	1	cs	20573427	both	20574254	20574493	2	cs	20575410	239	1983
chr3R	cs7.2	20817195	nco	cs	1	both	20817149	cs	20817171	20817189	2	both	20817240	18	91
chr3R	cs2.8	21796093	nco	cs	1	both	21795289	cs	21796205	21796205	1	both	21796897	0	1608
chr3R	w3.6	22015009	nco	w	1	both	22014728	w	22014875	22015241	2	both	22015289	366	561
chr3R	w13.7	22097850	nco	w	2	both	22097788	w	22097806	22097806	1	both	22097911	0	123
chr3R	cs13.3	22357446	nco	cs	2	cs	22356879	both	22357756	22357918	3	both	22358012	162	1133
chr3R	w13.10	22469006	nco	w	2	w	22468466	both	22468785	22469341	11	w	22469546	556	1080
chr3R	cs2.1	23356164	nco	cs	1	cs	23355950	both	23356022	23356314	14	cs	23356378	292	428
chr3R	cs1.8	23704386	nco	cs	1	cs	23703931	both	23704355	23704355	1	cs	23704840	0	909
chr3R	w5.9	25153736	nco	w	1	w	25153037	both	25153700	25153700	1	w	25154434	0	1397
chr3R	cs1.2	25798102	nco	cs	1	both	25797087	cs	25797702	25798877	18	both	25799116	1175	2029
chr3R	cs1.2	26230057	nco	cs	1	both	26229609	cs	26230138	26230187	3	both	26230505	49	896
chr3R	cs7.5	27935796	nco	cs	1	cs	27935021	both	27936304	27936346	2	cs	27936570	42	1549
chr3R	cs13.10	28041212	nco	cs	2	both	28040865	cs	28041281	28041281	1	both	28041558	0	693
chr3R	w15.13	28166580	nco	w	2	both	28166394	w	28166523	28166542	5	both	28166765	19	371
chr3R	w3.24	28297530	nco	w	1	w	28296711	both	28297291	28297838	7	w	28298349	547	1638
chr3R	w13.12	28437825	nco	w	2	both	28437439	w	28437716	28438088	5	both	28438211	372	772
chr3R	w4.5	28559187	nco	w	1	both	28556876	w	28557836	28557836	1	both	28561498	0	4622
chr3R	cs13.16	28603011	nco	cs	2	both	28602735	cs	28602875	28603104	3	both	28603287	229	552
chr3R	w13.10	29336488	nco	w	2	w	29336093	both	29336412	29336434	2	w	29336883	22	790
chr3R	w13.2	29502588	nco	w	2	w	29501854	both	29502203	29502506	3	w	29503321	303	1467
chr3R	cs13.11	30071512	nco	cs	2	cs	30071213	both	30071394	30071571	7	cs	30071810	177	597
chr3R	cs8.8	30298094	nco	cs	1	both	30297496	cs	30297671	30298113	3	both	30298691	442	1195
chr3R	w11.4	30311503	nco	w	2	w	30310949	both	30311038	30311708	9	w	30312056	670	1107
chr3R	cs12.10	30724897	nco	cs	2	both	30724432	cs	30724573	30725251	16	both	30725361	678	929
chr3R	w15.13	30862065	nco	w	2	both	30861946	w	30862087	30862087	1	both	30862184	0	238
chrX	w12.5	3096920	nco	w	2	cs	3096697	w	3096864	3096981	4	cs	3097142	117	445
chrX	w3.26	3905731	nco	w	1	w	3905310	cs	3905585	3905784	5	w	3906151	199	841
chrX	cs14.4	4310691	nco	cs	2	cs	4310527	w	4310750	4310757	2	cs	4310854	7	327
chrX	w4.8	4641532	nco	w	1	w	4640912	cs	4641638	4641725	2	w	4642152	87	1240
chrX	cs12.3	4888429	nco	cs	2	w	4887025	cs	4889571	4889622	4	w	4889833	51	2808
chrX	cs5.1	5125892	nco	cs	1	cs	5125196	w	5126286	5126439	4	cs	5126587	153	1391
chrX	w3.1	5189771	nco	w	1	w	5187973	cs	5190961	5190961	1	w	5191569	0	3596
chrX	w11.5	5451531	nco	w	2	w	5451026	cs	5451197	5451346	5	w	5452036	149	1010
chrX	cs13.5	5651190	nco	cs	2	cs	5650268	w	5650323	5651353	12	cs	5652112	1030	1844
chrX	cs8.6	6477310	nco	cs	1	cs	6475005	w	6475735	6475735	1	cs	6479615	0	4610
chrX	cs5.4	6715900	nco	cs	1	cs	6715621	w	6715858	6716055	4	cs	6716178	197	557
chrX	cs7.7	6731006	nco	cs	1	w	6730605	cs	6730664	6730664	1	w	6731407	0	802
chrX	cs6.4	6839235	nco	cs	1	cs	6838375	w	6839453	6839453	1	cs	6840094	0	1719
chrX	w5.9	8944529	nco	w	1	w	8943852	cs	8944235	8944235	1	w	8945205	0	1353
chrX	cs2.5	10187416	nco	cs	1	w	10187078	cs	10187375	10187639	3	w	10187754	264	676
chrX	w5.2	11259627	nco	w	1	w	11259002	cs	11259951	11259951	1	w	11260251	0	1249
chrX	w4.9	12839027	nco	w	1	cs	12838609	w	12838748	12838850	3	cs	12839444	102	835
chrX	w3.13	13105743	nco	w	1	w	13104981	cs	13105118	13105459	3	w	13106504	341	1523
chrX	cs14.6	14165222	nco	cs	2	cs	14164480	w	14164669	14165068	5	cs	14165963	399	1483
chrX	cs8.5	14320390	nco	cs	1	w	14319556	cs	14320505	14320726	3	w	14321223	221	1667
chrX	w15.3	14501165	nco	w	2	cs	14500840	w	14501131	14501202	11	cs	14501490	71	650
chrX	cs13.12	14517065	nco	cs	2	w	14516292	cs	14516533	14517549	13	w	14517837	1016	1545
chrX	cs6.6	14675564	nco	cs	1	cs	14674612	w	14675085	14675471	2	cs	14676516	386	1904
chrX	cs13.8	15610971	nco	cs	2	w	15610345	cs	15610898	15611416	3	w	15611597	518	1252
chrX	cs7.4	16102902	nco	cs	1	w	16102283	cs	16102614	16102959	3	w	16103521	345	1238
chrX	w15.4	16204517	nco	w	2	w	16203974	cs	16204044	16204676	22	w	16205059	632	1085
chrX	cs12.6	16251896	nco	cs	2	w	16251375	cs	16251556	16251780	5	cs	16252417	224	1042
chrX	w5.11	16417370	nco	w	1	cs	16416836	w	16417040	16417592	5	cs	16417903	552	1067
chrX	w11.8	19057587	nco	w	2	cs	19057431	w	19057536	19057564	4	cs	19057743	28	312
chrX	cs6.1	19107877	nco	cs	1	cs	19106881	w	19107331	19107559	2	cs	19108873	228	1992
chrX	cs6.6	19363230	nco	cs	1	cs	19361996	w	19362525	19363980	9	cs	19364463	1455	2467
chrX	cs1.4	20056657	nco	cs	1	w	20055079	cs	20056910	20057317	5	w	20058234	407	3155
chrX	cs14.7	20145740	nco	cs	2	cs	20145715	cs	20145729	20145729	1	w	20145765	0	50
chrX	w12.13	20367729	nco	w	2	w	20367477	cs	20367515	20367822	4	w	20367981	307	504
